label,prob
0.0,0.2618529796600342
0.0,0.6126196384429932
0.0,0.35089728236198425
0.0,0.453495055437088
0.0,0.12722128629684448
0.0,0.08888723701238632
0.0,0.43900248408317566
0.0,0.34111204743385315
0.0,0.5742576718330383
0.0,0.42388084530830383
0.0,0.3126641511917114
0.0,0.35386237502098083
0.0,0.5189997553825378
0.0,0.6430270671844482
0.0,0.5298889875411987
0.0,0.46721526980400085
0.0,0.28222477436065674
0.0,0.5799440741539001
0.0,0.26463621854782104
0.0,0.368228942155838
0.0,0.5760170817375183
0.0,0.5940707325935364
0.0,0.4062325060367584
0.0,0.6666690707206726
0.0,0.6842873096466064
0.0,0.2971824109554291
0.0,0.2661222517490387
0.0,0.7242748737335205
0.0,0.6013215184211731
0.0,0.6004296541213989
0.0,0.6888211369514465
0.0,0.6476734280586243
0.0,0.7555635571479797
0.0,0.6434398293495178
0.0,0.6445215940475464
0.0,0.6717692017555237
0.0,0.6649534702301025
0.0,0.41226479411125183
0.0,0.5197755694389343
0.0,0.5700782537460327
0.0,0.6400167942047119
0.0,0.6938773393630981
0.0,0.6555557250976562
0.0,0.6661463975906372
0.0,0.7595005035400391
0.0,0.6255075931549072
0.0,0.46604737639427185
0.0,0.6652347445487976
0.0,0.7079471349716187
0.0,0.6642111539840698
1.0,0.5925607085227966
1.0,0.6198075413703918
1.0,0.5757566690444946
1.0,0.37501347064971924
1.0,0.6010292172431946
1.0,0.4917931854724884
1.0,0.6298374533653259
1.0,0.6571713089942932
1.0,0.5988174676895142
1.0,0.6354498863220215
1.0,0.6076557040214539
1.0,0.7105527520179749
1.0,0.6177047491073608
1.0,0.6649623513221741
1.0,0.6743468642234802
1.0,0.6652872562408447
1.0,0.717806339263916
1.0,0.5673920512199402
1.0,0.5847630500793457
1.0,0.13757337629795074
1.0,0.6343937516212463
1.0,0.6631215214729309
1.0,0.7115243077278137
1.0,0.7052059769630432
1.0,0.7151336669921875
1.0,0.37764647603034973
1.0,0.6881662011146545
1.0,0.6251773834228516
1.0,0.5221251845359802
1.0,0.5805043578147888
1.0,0.6653706431388855
1.0,0.40211614966392517
1.0,0.6961469650268555
1.0,0.7266578078269958
1.0,0.3975132703781128
1.0,0.6237918138504028
1.0,0.4160395562648773
1.0,0.6945425271987915
1.0,0.6259682178497314
1.0,0.5250020027160645
1.0,0.47218185663223267
1.0,0.700617253780365
1.0,0.5870945453643799
1.0,0.6313349604606628
1.0,0.6175825595855713
1.0,0.6335964798927307
1.0,0.7313579320907593
1.0,0.5501959919929504
1.0,0.6455399990081787
1.0,0.7053598165512085
