label,prob
0.0,0.02295904979109764
0.0,0.9312481880187988
0.0,0.041613832116127014
0.0,0.03612632676959038
0.0,0.007926092483103275
0.0,0.036605656147003174
0.0,0.06559085845947266
0.0,0.005821107421070337
0.0,0.7169222235679626
0.0,0.10555326193571091
0.0,0.4373810887336731
0.0,0.1387701779603958
0.0,0.04187791422009468
0.0,0.17085838317871094
0.0,0.3777291178703308
0.0,0.08663272857666016
0.0,0.02792397327721119
0.0,0.0767495259642601
0.0,0.021448731422424316
0.0,0.04401867091655731
0.0,0.07417771220207214
0.0,0.9175317883491516
0.0,0.45335838198661804
0.0,0.9886837601661682
0.0,0.9779901504516602
0.0,0.3669011890888214
0.0,0.07277625054121017
0.0,0.9826056957244873
0.0,0.9859939813613892
0.0,0.9395965337753296
0.0,0.8623544573783875
0.0,0.994672954082489
0.0,0.9886027574539185
0.0,0.3110376000404358
0.0,0.84768146276474
0.0,0.9131808280944824
0.0,0.9776883125305176
0.0,0.47000598907470703
0.0,0.270344614982605
0.0,0.9845187664031982
0.0,0.9602677226066589
0.0,0.9441889524459839
0.0,0.9866073131561279
0.0,0.9669381380081177
0.0,0.9839165806770325
0.0,0.9809361696243286
0.0,0.4492526948451996
0.0,0.9672839045524597
0.0,0.9841926097869873
0.0,0.9930680990219116
1.0,0.6467227339744568
1.0,0.7025152444839478
1.0,0.9846476316452026
1.0,0.5834887027740479
1.0,0.7758727073669434
1.0,0.9271889925003052
1.0,0.9795423746109009
1.0,0.9866461753845215
1.0,0.9542528986930847
1.0,0.986799955368042
1.0,0.9922711849212646
1.0,0.9938170313835144
1.0,0.9253154397010803
1.0,0.9849048852920532
1.0,0.8704207539558411
1.0,0.7499720454216003
1.0,0.993647038936615
1.0,0.9722927212715149
1.0,0.9906988739967346
1.0,0.06578925997018814
1.0,0.9940669536590576
1.0,0.9802817106246948
1.0,0.9888055324554443
1.0,0.9744817614555359
1.0,0.9888314008712769
1.0,0.9285919666290283
1.0,0.991304874420166
1.0,0.8841244578361511
1.0,0.5038442015647888
1.0,0.9189353585243225
1.0,0.9963493347167969
1.0,0.47973254323005676
1.0,0.7778381705284119
1.0,0.996346652507782
1.0,0.7576576471328735
1.0,0.7976605296134949
1.0,0.2251899391412735
1.0,0.7923679947853088
1.0,0.7931334972381592
1.0,0.8605183362960815
1.0,0.9521557092666626
1.0,0.9707872867584229
1.0,0.8919151425361633
1.0,0.6901939511299133
1.0,0.9840409755706787
1.0,0.9821838140487671
1.0,0.983737587928772
1.0,0.8932748436927795
1.0,0.9655530452728271
1.0,0.9790321588516235
