label,prob
0.0,0.144069641828537
0.0,0.5932179093360901
0.0,0.8662401437759399
0.0,0.10897649079561234
0.0,0.39743688702583313
0.0,0.18105007708072662
0.0,0.1414940506219864
0.0,0.14870192110538483
0.0,0.11970147490501404
0.0,0.22468332946300507
0.0,0.5713738799095154
0.0,0.3606511056423187
0.0,0.35586169362068176
0.0,0.2057347595691681
0.0,0.16853055357933044
0.0,0.7883398532867432
0.0,0.4805322289466858
0.0,0.34697920083999634
0.0,0.2964946925640106
0.0,0.8504936695098877
0.0,0.2912431061267853
0.0,0.6635583639144897
0.0,0.45167842507362366
0.0,0.3933890163898468
0.0,0.33427757024765015
0.0,0.7877467274665833
0.0,0.9814987778663635
0.0,0.8683726787567139
0.0,0.4161386489868164
0.0,0.9381797909736633
0.0,0.7632679343223572
0.0,0.9790680408477783
0.0,0.9996047616004944
0.0,0.4852871596813202
0.0,0.36861082911491394
0.0,0.943984866142273
0.0,0.901214599609375
0.0,0.38676032423973083
0.0,0.4796852171421051
0.0,0.9889219999313354
0.0,0.6068363189697266
0.0,0.8495579361915588
0.0,0.9879740476608276
0.0,0.9866874814033508
0.0,0.9965493679046631
0.0,0.8700635433197021
0.0,0.9471093416213989
0.0,0.7704935073852539
0.0,0.9899247884750366
0.0,0.709714949131012
1.0,0.9268288016319275
1.0,0.9826366305351257
1.0,0.9074522256851196
1.0,0.7565139532089233
1.0,0.9006356596946716
1.0,0.5052137970924377
1.0,0.8848621249198914
1.0,0.9630889892578125
1.0,0.9456344842910767
1.0,0.9971573352813721
1.0,0.8267139792442322
1.0,0.9982265830039978
1.0,0.9052836298942566
1.0,0.691932201385498
1.0,0.9450422525405884
1.0,0.977638304233551
1.0,0.7615194916725159
1.0,0.9698051810264587
1.0,0.9991174340248108
1.0,0.2880924940109253
1.0,0.18375049531459808
1.0,0.9715313911437988
1.0,0.8703188300132751
1.0,0.9646950364112854
1.0,0.9925990104675293
1.0,0.5731358528137207
1.0,0.49858054518699646
1.0,0.8655478954315186
1.0,0.9944562315940857
1.0,0.5358259677886963
1.0,0.7996847033500671
1.0,0.9371523261070251
1.0,0.4787229895591736
1.0,0.967720627784729
1.0,0.6289774179458618
1.0,0.9276099801063538
1.0,0.9157726168632507
1.0,0.7586477398872375
1.0,0.8641676902770996
1.0,0.42218977212905884
1.0,0.943891167640686
1.0,0.8353878259658813
1.0,0.222454234957695
1.0,0.2738804817199707
1.0,0.9575536847114563
1.0,0.9890083074569702
1.0,0.9235662221908569
1.0,0.8370367288589478
1.0,0.8547935485839844
1.0,0.9999219179153442
