label,prob
0.0,0.33377233147621155
0.0,0.7788416147232056
0.0,0.2291572540998459
0.0,0.15834949910640717
0.0,0.3019084334373474
0.0,0.18570047616958618
0.0,0.14957137405872345
0.0,0.3105000853538513
0.0,0.3506326377391815
0.0,0.18286894261837006
0.0,0.33209195733070374
0.0,0.1986912488937378
0.0,0.2664678990840912
0.0,0.44222480058670044
0.0,0.2840111553668976
0.0,0.386583149433136
0.0,0.31371477246284485
0.0,0.4030255377292633
0.0,0.623598575592041
0.0,0.2895864248275757
0.0,0.470529705286026
0.0,0.595504641532898
0.0,0.29292207956314087
0.0,0.6857764720916748
0.0,0.6095837354660034
0.0,0.2737056314945221
0.0,0.1775248944759369
0.0,0.5100549459457397
0.0,0.8005264401435852
0.0,0.5548796057701111
0.0,0.5206121802330017
0.0,0.8282812237739563
0.0,0.8263616561889648
0.0,0.33826935291290283
0.0,0.7136650085449219
0.0,0.3592451512813568
0.0,0.835434079170227
0.0,0.3807857036590576
0.0,0.6923589706420898
0.0,0.8323121070861816
0.0,0.4431155025959015
0.0,0.880363404750824
0.0,0.8635443449020386
0.0,0.7438090443611145
0.0,0.8729701638221741
0.0,0.653738796710968
0.0,0.6546522378921509
0.0,0.8496084213256836
0.0,0.8357215523719788
0.0,0.8096030354499817
1.0,0.4221108555793762
1.0,0.4631403982639313
1.0,0.8693881630897522
1.0,0.21762724220752716
1.0,0.4057590365409851
1.0,0.5754523277282715
1.0,0.5580971837043762
1.0,0.8602229952812195
1.0,0.6679666638374329
1.0,0.7985228300094604
1.0,0.7907161712646484
1.0,0.9100853800773621
1.0,0.5402513742446899
1.0,0.6487082839012146
1.0,0.8595054149627686
1.0,0.5662806630134583
1.0,0.8787582516670227
1.0,0.5819563865661621
1.0,0.47025713324546814
1.0,0.2893763482570648
1.0,0.4389566481113434
1.0,0.8507552742958069
1.0,0.8597567677497864
1.0,0.798211395740509
1.0,0.9169998168945312
1.0,0.34680113196372986
1.0,0.8261418342590332
1.0,0.825164258480072
1.0,0.26627233624458313
1.0,0.8426136374473572
1.0,0.8766365647315979
1.0,0.3303205370903015
1.0,0.5005583763122559
1.0,0.8278735876083374
1.0,0.3383362591266632
1.0,0.6089025139808655
1.0,0.5561883449554443
1.0,0.6980968117713928
1.0,0.5556747317314148
1.0,0.7600592970848083
1.0,0.7995390892028809
1.0,0.842170000076294
1.0,0.6756707429885864
1.0,0.8371925354003906
1.0,0.6855646967887878
1.0,0.8619890213012695
1.0,0.8265625238418579
1.0,0.5122739672660828
1.0,0.8078831434249878
1.0,0.7755898833274841
