label,prob
0.0,0.43439599871635437
0.0,0.7989652752876282
0.0,0.3353491425514221
0.0,0.23833079636096954
0.0,0.43598106503486633
0.0,0.2383381724357605
0.0,0.46689432859420776
0.0,0.32067662477493286
0.0,0.34955376386642456
0.0,0.38469478487968445
0.0,0.25034594535827637
0.0,0.43865400552749634
0.0,0.4884817600250244
0.0,0.7778681516647339
0.0,0.4213573932647705
0.0,0.4608471989631653
0.0,0.39674219489097595
0.0,0.6559123396873474
0.0,0.3566546142101288
0.0,0.339326947927475
0.0,0.5303632020950317
0.0,0.5900917053222656
0.0,0.3906470537185669
0.0,0.7363429665565491
0.0,0.6841113567352295
0.0,0.4394449293613434
0.0,0.42126333713531494
0.0,0.7877835631370544
0.0,0.7226287126541138
0.0,0.6573423147201538
0.0,0.5814972519874573
0.0,0.8260930180549622
0.0,0.8716237545013428
0.0,0.5374006032943726
0.0,0.6471625566482544
0.0,0.5278477668762207
0.0,0.793516993522644
0.0,0.4878442585468292
0.0,0.47211596369743347
0.0,0.789182722568512
0.0,0.6769937872886658
0.0,0.7221729755401611
0.0,0.85631263256073
0.0,0.7845057249069214
0.0,0.8297237753868103
0.0,0.7168212532997131
0.0,0.561542809009552
0.0,0.7923608422279358
0.0,0.8590244054794312
0.0,0.8256617784500122
1.0,0.5913015604019165
1.0,0.5582141280174255
1.0,0.8315960764884949
1.0,0.25330886244773865
1.0,0.6706027984619141
1.0,0.5114487409591675
1.0,0.7294831275939941
1.0,0.8337090611457825
1.0,0.5850548148155212
1.0,0.778290331363678
1.0,0.737870991230011
1.0,0.8962574601173401
1.0,0.47110122442245483
1.0,0.7844756245613098
1.0,0.6729786992073059
1.0,0.690894365310669
1.0,0.7677689790725708
1.0,0.6400854587554932
1.0,0.6396960616111755
1.0,0.3299980163574219
1.0,0.714398980140686
1.0,0.8787652850151062
1.0,0.7944516539573669
1.0,0.7580548524856567
1.0,0.8924499154090881
1.0,0.21400079131126404
1.0,0.8509613275527954
1.0,0.7534691095352173
1.0,0.33533117175102234
1.0,0.7760099768638611
1.0,0.8737241625785828
1.0,0.4519301950931549
1.0,0.5834257006645203
1.0,0.8811471462249756
1.0,0.5142039060592651
1.0,0.7533302903175354
1.0,0.4424085319042206
1.0,0.6448407173156738
1.0,0.6008266806602478
1.0,0.4708588123321533
1.0,0.6970681548118591
1.0,0.7959923148155212
1.0,0.5738505125045776
1.0,0.8169742822647095
1.0,0.7982254028320312
1.0,0.8494550585746765
1.0,0.7989400029182434
1.0,0.6005075573921204
1.0,0.8422799706459045
1.0,0.746242105960846
