label,prob
0.0,0.03570733964443207
0.0,0.9851337671279907
0.0,0.014320719987154007
0.0,0.04625662416219711
0.0,0.004150059539824724
0.0,0.08759451657533646
0.0,0.12931466102600098
0.0,0.0033243088982999325
0.0,0.9029866456985474
0.0,0.1725083291530609
0.0,0.6747123599052429
0.0,0.04282191023230553
0.0,0.02183326706290245
0.0,0.13349834084510803
0.0,0.25568515062332153
0.0,0.08065969496965408
0.0,0.034600500017404556
0.0,0.026726150885224342
0.0,0.028245367109775543
0.0,0.06556147336959839
0.0,0.04148263484239578
0.0,0.9723223447799683
0.0,0.23977038264274597
0.0,0.9981077909469604
0.0,0.9966017007827759
0.0,0.34349721670150757
0.0,0.03232832998037338
0.0,0.9973160624504089
0.0,0.9925118684768677
0.0,0.9876876473426819
0.0,0.9800053834915161
0.0,0.9993754029273987
0.0,0.997718334197998
0.0,0.17784208059310913
0.0,0.8121122717857361
0.0,0.9497281908988953
0.0,0.9966534972190857
0.0,0.35108304023742676
0.0,0.5867087244987488
0.0,0.997972309589386
0.0,0.9926602244377136
0.0,0.9681093096733093
0.0,0.9949925541877747
0.0,0.9791396856307983
0.0,0.9982414245605469
0.0,0.9946115016937256
0.0,0.7165927290916443
0.0,0.986194372177124
0.0,0.9975616931915283
0.0,0.9994044303894043
1.0,0.7688118815422058
1.0,0.9880115389823914
1.0,0.9934688806533813
1.0,0.6600828766822815
1.0,0.7313264012336731
1.0,0.9666928648948669
1.0,0.9900021553039551
1.0,0.9958904981613159
1.0,0.9627540707588196
1.0,0.9981586337089539
1.0,0.9983935952186584
1.0,0.9990967512130737
1.0,0.981904923915863
1.0,0.9925442934036255
1.0,0.9329125881195068
1.0,0.9457563161849976
1.0,0.999610960483551
1.0,0.9777474999427795
1.0,0.9983381032943726
1.0,0.026701293885707855
1.0,0.9997221827507019
1.0,0.9983131885528564
1.0,0.9967461824417114
1.0,0.9967683553695679
1.0,0.9989795088768005
1.0,0.961707592010498
1.0,0.9978495836257935
1.0,0.9097949862480164
1.0,0.3226327896118164
1.0,0.9892672300338745
1.0,0.9998363256454468
1.0,0.3439425230026245
1.0,0.9359093308448792
1.0,0.9996989965438843
1.0,0.5515252351760864
1.0,0.7641409635543823
1.0,0.196904256939888
1.0,0.9817801117897034
1.0,0.8075984120368958
1.0,0.7901460528373718
1.0,0.9945307374000549
1.0,0.9957454800605774
1.0,0.9813414812088013
1.0,0.5363338589668274
1.0,0.9972336888313293
1.0,0.9980886578559875
1.0,0.9956276416778564
1.0,0.9613490700721741
1.0,0.9889728426933289
1.0,0.9981350898742676
