label,prob
0.0,0.5735544562339783
0.0,0.7997569441795349
0.0,0.3518163561820984
0.0,0.24306543171405792
0.0,0.418513685464859
0.0,0.19946837425231934
0.0,0.44187411665916443
0.0,0.2835756540298462
0.0,0.23477575182914734
0.0,0.4264223873615265
0.0,0.21639761328697205
0.0,0.4035409390926361
0.0,0.3542468845844269
0.0,0.7584933638572693
0.0,0.40565386414527893
0.0,0.5288978815078735
0.0,0.44744396209716797
0.0,0.592461347579956
0.0,0.4755910038948059
0.0,0.36297357082366943
0.0,0.443708211183548
0.0,0.628585696220398
0.0,0.3748941123485565
0.0,0.7154517769813538
0.0,0.6401967406272888
0.0,0.5452870726585388
0.0,0.33049824833869934
0.0,0.7088242769241333
0.0,0.705455482006073
0.0,0.5695298910140991
0.0,0.6135402917861938
0.0,0.79863440990448
0.0,0.8426893949508667
0.0,0.5799720883369446
0.0,0.7595685124397278
0.0,0.5342890620231628
0.0,0.6445625424385071
0.0,0.5934017300605774
0.0,0.4777776896953583
0.0,0.6877089142799377
0.0,0.6204575896263123
0.0,0.7615735530853271
0.0,0.8450250029563904
0.0,0.6478200554847717
0.0,0.8131089806556702
0.0,0.6191508769989014
0.0,0.4552425444126129
0.0,0.736795961856842
0.0,0.8401440978050232
0.0,0.7939350605010986
1.0,0.5989037156105042
1.0,0.5465582013130188
1.0,0.833978533744812
1.0,0.20775066316127777
1.0,0.5871361494064331
1.0,0.4413151443004608
1.0,0.6341981887817383
1.0,0.7793805599212646
1.0,0.5120108723640442
1.0,0.6859285235404968
1.0,0.6539984345436096
1.0,0.8744334578514099
1.0,0.4809809625148773
1.0,0.7224338054656982
1.0,0.6097321510314941
1.0,0.6237282156944275
1.0,0.792730987071991
1.0,0.6640886664390564
1.0,0.5527350902557373
1.0,0.4783031940460205
1.0,0.5963725447654724
1.0,0.8265426754951477
1.0,0.7535796761512756
1.0,0.6581433415412903
1.0,0.883795976638794
1.0,0.23605877161026
1.0,0.8186489343643188
1.0,0.6947972178459167
1.0,0.29068851470947266
1.0,0.7600519061088562
1.0,0.8561145663261414
1.0,0.39958617091178894
1.0,0.5450907349586487
1.0,0.8645000457763672
1.0,0.4988335967063904
1.0,0.7616311311721802
1.0,0.4160318374633789
1.0,0.7523198127746582
1.0,0.5313833355903625
1.0,0.45334509015083313
1.0,0.6247955560684204
1.0,0.7721995711326599
1.0,0.5631303191184998
1.0,0.7602116465568542
1.0,0.7551478743553162
1.0,0.81513512134552
1.0,0.7396003603935242
1.0,0.5393710136413574
1.0,0.7633799314498901
1.0,0.7092266082763672
