label,prob
0.0,0.3249068260192871
0.0,0.8509478569030762
0.0,0.2378763109445572
0.0,0.1012570858001709
0.0,0.2571637034416199
0.0,0.10091428458690643
0.0,0.296634316444397
0.0,0.15939097106456757
0.0,0.17358815670013428
0.0,0.26288554072380066
0.0,0.2095744013786316
0.0,0.35246941447257996
0.0,0.3389681279659271
0.0,0.7785487771034241
0.0,0.35370853543281555
0.0,0.2907294034957886
0.0,0.3926936388015747
0.0,0.5845791697502136
0.0,0.3685993552207947
0.0,0.17118577659130096
0.0,0.34741121530532837
0.0,0.6240693926811218
0.0,0.43300750851631165
0.0,0.7666882872581482
0.0,0.7693859934806824
0.0,0.4246108829975128
0.0,0.3437460958957672
0.0,0.7248321771621704
0.0,0.8283820748329163
0.0,0.5281469225883484
0.0,0.4941859543323517
0.0,0.8788748979568481
0.0,0.9002158045768738
0.0,0.5098804831504822
0.0,0.6510455012321472
0.0,0.4227336347103119
0.0,0.8456504344940186
0.0,0.43511447310447693
0.0,0.4854833483695984
0.0,0.843873143196106
0.0,0.7036113739013672
0.0,0.7602231502532959
0.0,0.8858388662338257
0.0,0.7333131432533264
0.0,0.8551957011222839
0.0,0.7239811420440674
0.0,0.5355352163314819
0.0,0.8527644276618958
0.0,0.8997753262519836
0.0,0.8736938238143921
1.0,0.604593813419342
1.0,0.5758216381072998
1.0,0.8901894688606262
1.0,0.20261861383914948
1.0,0.5844841599464417
1.0,0.5757356882095337
1.0,0.7662873864173889
1.0,0.8625708818435669
1.0,0.5996835231781006
1.0,0.8302890658378601
1.0,0.8431850075721741
1.0,0.9351385235786438
1.0,0.45899903774261475
1.0,0.6926242113113403
1.0,0.6684345006942749
1.0,0.5547170042991638
1.0,0.808387279510498
1.0,0.7328563332557678
1.0,0.6801272034645081
1.0,0.28215768933296204
1.0,0.6563164591789246
1.0,0.9025206565856934
1.0,0.7922804951667786
1.0,0.6217710971832275
1.0,0.9314618706703186
1.0,0.17609581351280212
1.0,0.8604629039764404
1.0,0.6598913669586182
1.0,0.24718260765075684
1.0,0.7915305495262146
1.0,0.9363603591918945
1.0,0.3719770312309265
1.0,0.561676561832428
1.0,0.9142627120018005
1.0,0.44343769550323486
1.0,0.8321874737739563
1.0,0.3475300073623657
1.0,0.6552402377128601
1.0,0.5908475518226624
1.0,0.435718297958374
1.0,0.7273238301277161
1.0,0.8212646842002869
1.0,0.5010102391242981
1.0,0.7566280364990234
1.0,0.8806735277175903
1.0,0.8911852240562439
1.0,0.8293102383613586
1.0,0.577741801738739
1.0,0.848257303237915
1.0,0.7808190584182739
