label,prob
0.0,0.6462536454200745
0.0,0.9863798022270203
0.0,0.19439919292926788
0.0,0.11319384723901749
0.0,0.0362531840801239
0.0,0.09181297570466995
0.0,0.1694451868534088
0.0,0.03826597332954407
0.0,0.24360792338848114
0.0,0.27591437101364136
0.0,0.0630972683429718
0.0,0.0383172407746315
0.0,0.04785686358809471
0.0,0.09318283945322037
0.0,0.0843035951256752
0.0,0.34504395723342896
0.0,0.2154192179441452
0.0,0.10447254776954651
0.0,0.048180390149354935
0.0,0.40499570965766907
0.0,0.0393054373562336
0.0,0.95047926902771
0.0,0.1828593611717224
0.0,0.9827374815940857
0.0,0.9719531536102295
0.0,0.9277614951133728
0.0,0.027734076604247093
0.0,0.9368082284927368
0.0,0.9262673854827881
0.0,0.8795197010040283
0.0,0.9819042086601257
0.0,0.999030351638794
0.0,0.9941056966781616
0.0,0.506447434425354
0.0,0.9910722374916077
0.0,0.21987414360046387
0.0,0.6903708577156067
0.0,0.73600834608078
0.0,0.9239323139190674
0.0,0.978020966053009
0.0,0.5010379552841187
0.0,0.9942896366119385
0.0,0.9960687160491943
0.0,0.9374371767044067
0.0,0.9848301410675049
0.0,0.860569417476654
0.0,0.2890497148036957
0.0,0.9951083064079285
0.0,0.983679473400116
0.0,0.9835618138313293
1.0,0.565802276134491
1.0,0.9335414171218872
1.0,0.9966829419136047
1.0,0.21575112640857697
1.0,0.08116796612739563
1.0,0.25081756711006165
1.0,0.7622485160827637
1.0,0.9973105192184448
1.0,0.6365561485290527
1.0,0.9749673008918762
1.0,0.9795776009559631
1.0,0.9979382157325745
1.0,0.9528126120567322
1.0,0.9499227404594421
1.0,0.7805342078208923
1.0,0.5849918723106384
1.0,0.9981910586357117
1.0,0.9797241687774658
1.0,0.686221182346344
1.0,0.7343843579292297
1.0,0.9336888790130615
1.0,0.9854151010513306
1.0,0.9406042695045471
1.0,0.993665337562561
1.0,0.997676432132721
1.0,0.1280999481678009
1.0,0.9847211241722107
1.0,0.955798327922821
1.0,0.09946009516716003
1.0,0.9834638237953186
1.0,0.9977138042449951
1.0,0.08470495790243149
1.0,0.16811171174049377
1.0,0.9966890215873718
1.0,0.7410677075386047
1.0,0.918870747089386
1.0,0.25158512592315674
1.0,0.9901280999183655
1.0,0.6732765436172485
1.0,0.6309179067611694
1.0,0.9948834776878357
1.0,0.9706535339355469
1.0,0.9137756824493408
1.0,0.9171072840690613
1.0,0.9757859110832214
1.0,0.9926967024803162
1.0,0.7453957200050354
1.0,0.9411292672157288
1.0,0.991201639175415
1.0,0.9829042553901672
