label,prob
0.0,0.08578979969024658
0.0,0.991144061088562
0.0,0.04513347148895264
0.0,0.02543264999985695
0.0,0.005065219942480326
0.0,0.019343120977282524
0.0,0.024719517678022385
0.0,0.01835722103714943
0.0,0.08782263100147247
0.0,0.3241632580757141
0.0,0.10994979739189148
0.0,0.278224378824234
0.0,0.04268472269177437
0.0,0.5735633373260498
0.0,0.21400776505470276
0.0,0.08480515331029892
0.0,0.27341821789741516
0.0,0.709302544593811
0.0,0.058718204498291016
0.0,0.03827231377363205
0.0,0.05474279820919037
0.0,0.9652799367904663
0.0,0.30899369716644287
0.0,0.9960694313049316
0.0,0.9753098487854004
0.0,0.7049012184143066
0.0,0.38221845030784607
0.0,0.9865556955337524
0.0,0.987291157245636
0.0,0.9759684801101685
0.0,0.8732206225395203
0.0,0.9987051486968994
0.0,0.9906660914421082
0.0,0.386964350938797
0.0,0.9241456985473633
0.0,0.8613948822021484
0.0,0.988190770149231
0.0,0.3953531086444855
0.0,0.2710438072681427
0.0,0.9954309463500977
0.0,0.9912601113319397
0.0,0.5521528124809265
0.0,0.9892910122871399
0.0,0.7241811156272888
0.0,0.9844555854797363
0.0,0.9967312812805176
0.0,0.8819179534912109
0.0,0.9789342284202576
0.0,0.994831383228302
0.0,0.9941205382347107
1.0,0.9031679034233093
1.0,0.9753657579421997
1.0,0.9971039891242981
1.0,0.1546628177165985
1.0,0.6347709894180298
1.0,0.9673179388046265
1.0,0.9761200547218323
1.0,0.9952812790870667
1.0,0.9343166351318359
1.0,0.9969300627708435
1.0,0.9966022968292236
1.0,0.9997087121009827
1.0,0.9219879508018494
1.0,0.9935843348503113
1.0,0.8215044736862183
1.0,0.6783111691474915
1.0,0.9929053783416748
1.0,0.989507257938385
1.0,0.9842876195907593
1.0,0.3284505605697632
1.0,0.9968180656433105
1.0,0.9971463084220886
1.0,0.9814026951789856
1.0,0.8612260818481445
1.0,0.998306393623352
1.0,0.3618343770503998
1.0,0.9850342869758606
1.0,0.9893320798873901
1.0,0.09242434799671173
1.0,0.9829609990119934
1.0,0.9996737241744995
1.0,0.849686324596405
1.0,0.7400556206703186
1.0,0.9991501569747925
1.0,0.7335653901100159
1.0,0.9945460557937622
1.0,0.5215551853179932
1.0,0.9828901886940002
1.0,0.4843486249446869
1.0,0.33289003372192383
1.0,0.9911321997642517
1.0,0.982541024684906
1.0,0.9838375449180603
1.0,0.5762771964073181
1.0,0.9983906745910645
1.0,0.9972445964813232
1.0,0.9906643629074097
1.0,0.9214829206466675
1.0,0.9715703129768372
1.0,0.9961289167404175
